{"levels": [{"resources": "level_0.jpg", "javab": "2K7Ysdin2KjbjA==", "resolved": false, "type": "image", "id": 0, "thumbnail": "level_0.jpg"}, {"resources": "level_1.jpg", "javab": "2KrZiNix2KjbjNmG", "resolved": false, "type": "image", "id": 1, "thumbnail": "level_1.jpg"}, {"resources": "level_2.jpg", "javab": "2KjYp9ix2LI=", "resolved": false, "type": "image", "id": 2, "thumbnail": "level_2.jpg"}, {"resources": "level_3.jpg", "javab": "2LTZhdmI2LTaqQ==", "resolved": false, "type": "image", "id": 3, "thumbnail": "level_3.jpg"}, {"resources": "level_4.jpg", "javab": "2KLYrNix2b7Yp9ix2Yc=", "resolved": false, "type": "image", "id": 4, "thumbnail": "level_4.jpg"}, {"resources": "level_5.jpg", "javab": "2KfbjNmG2KzYpyDYotiu2LEg2K7Ytw==", "resolved": false, "type": "image", "id": 5, "thumbnail": "level_5.jpg"}, {"resources": "level_6.jpg", "javab": "2YbYuNix2LPZhtis24w=", "resolved": false, "type": "image", "id": 6, "thumbnail": "level_6.jpg"}, {"resources": "level_7.jpg", "javab": "2KLZgtin2LLYp9iv2Yc=", "resolved": false, "type": "image", "id": 7, "thumbnail": "level_7.jpg"}, {"resources": "level_8.jpg", "javab": "2b7Yp9qG2Ycg2K7ZiNin2LE=", "resolved": false, "type": "image", "id": 8, "thumbnail": "level_8.jpg"}, {"resources": "level_9.jpg", "javab": "2b7bjNqGINm+2YTbjNiz24w=", "resolved": false, "type": "image", "id": 9, "thumbnail": "level_9.jpg"}, {"resources": "level_10.jpg", "javab": "2LTYp9iz24w=", "resolved": false, "type": "image", "id": 10, "thumbnail": "level_10.jpg"}, {"resources": "level_11.jpg", "javab": "2K/ZiNmE2Kog2LHZiNit2KfZhtuM", "resolved": false, "type": "image", "id": 11, "thumbnail": "level_11.jpg"}, {"resources": "level_12.jpg", "javab": "2LTZhNuM2qk=", "resolved": false, "type": "image", "id": 12, "thumbnail": "level_12.jpg"}, {"resources": "level_13.jpg", "javab": "2YLZiNi324w=", "resolved": false, "type": "image", "id": 13, "thumbnail": "level_13.jpg"}, {"resources": "level_14.jpg", "javab": "2LTZgtin24zZgg==", "resolved": false, "type": "image", "id": 14, "thumbnail": "level_14.jpg"}, {"resources": "level_15.jpg", "javab": "2KLZhdin2LEg2K/Yp9iv2YY=", "resolved": false, "type": "image", "id": 15, "thumbnail": "level_15.jpg"}, {"resources": "level_16.jpg", "javab": "2KjZhtivINio2KfYstuM", "resolved": false, "type": "image", "id": 16, "thumbnail": "level_16.jpg"}, {"resources": "level_17.jpg", "javab": "2LPYsduM2KfZhA==", "resolved": false, "type": "image", "id": 17, "thumbnail": "level_17.jpg"}, {"resources": "level_18.jpg", "javab": "2LTZhNmHINiy2LHYrw==", "resolved": false, "type": "image", "id": 18, "thumbnail": "level_18.jpg"}, {"resources": "level_19.jpg", "javab": "2KzYp9mE2Kg=", "resolved": false, "type": "image", "id": 19, "thumbnail": "level_19.jpg"}, {"resources": "level_20.jpg", "javab": "2LfYp9uM2YHZhw==", "resolved": false, "type": "image", "id": 20, "thumbnail": "level_20.jpg"}, {"resources": "level_21.jpg", "javab": "2KLYrtixINqp2KfYsduM", "resolved": false, "type": "image", "id": 21, "thumbnail": "level_21.jpg"}, {"resources": "level_22.jpg", "javab": "2KfYqtmIINqp2LTbjNiv2Yc=", "resolved": false, "type": "image", "id": 22, "thumbnail": "level_22.jpg"}, {"resources": "level_23.jpg", "javab": "2KjYs9mHINiv24zar9mH", "resolved": false, "type": "image", "id": 23, "thumbnail": "level_23.jpg"}, {"resources": "level_24.jpg", "javab": "2K/YsdmH2YUg2KjYsdmH2YU=", "resolved": false, "type": "image", "id": 24, "thumbnail": "level_24.jpg"}, {"resources": "level_25.jpg", "javab": "2KjbjNqp2YTYp9iz", "resolved": false, "type": "image", "id": 25, "thumbnail": "level_25.jpg"}, {"resources": "level_26.jpg", "javab": "2K/ZiNixINiv2Ygg2YHYsdmF2KfZhg==", "resolved": false, "type": "image", "id": 26, "thumbnail": "level_26.jpg"}, {"resources": "level_27.jpg", "javab": "2KjZiNmB2KfZhNmI", "resolved": false, "type": "image", "id": 27, "thumbnail": "level_27.jpg"}, {"resources": "level_28.jpg", "javab": "2K/ZhtuM2Kcg2K/Yp9ix2Ycg2K/ZiNixL9iz2LHZhSDZhduM2obYsdiu2Yc=", "resolved": false, "type": "image", "id": 28, "thumbnail": "level_28.jpg"}, {"resources": "level_29.jpg", "javab": "2b7bjNqp2KfZhg==", "resolved": false, "type": "image", "id": 29, "thumbnail": "level_29.jpg"}, {"resources": "level_30.jpg", "javab": "2q/Ysdiv2YfZhdin24zbjA==", "resolved": false, "type": "image", "id": 30, "thumbnail": "level_30.jpg"}, {"resources": "level_31.jpg", "javab": "2KjYrtiqINio2LHar9i02KrZhw==", "resolved": false, "type": "image", "id": 31, "thumbnail": "level_31.jpg"}, {"resources": "level_32.jpg", "javab": "2YXYp9iq24zYsg==", "resolved": false, "type": "image", "id": 32, "thumbnail": "level_32.jpg"}, {"resources": "level_33.jpg", "javab": "2q/bjNixINiz2Ycg2b7bjNqG", "resolved": false, "type": "image", "id": 33, "thumbnail": "level_33.jpg"}, {"resources": "level_34.jpg", "javab": "2YHYsdmF2KfZhtiv2Ycg2KzZhtqv", "resolved": false, "type": "image", "id": 34, "thumbnail": "level_34.jpg"}, {"resources": "level_35.jpg", "javab": "2KjYqtmI2YQ=", "resolved": false, "type": "image", "id": 35, "thumbnail": "level_35.jpg"}, {"resources": "level_36.jpg", "javab": "2KjYp9iv2KjYstmG", "resolved": false, "type": "image", "id": 36, "thumbnail": "level_36.jpg"}, {"resources": "level_37.jpg", "javab": "2LTZhNmI2KfYsSDaqdix2K/bjA==", "resolved": false, "type": "image", "id": 37, "thumbnail": "level_37.jpg"}, {"resources": "level_38.jpg", "javab": "2YXYrtiv2YjYtA==", "resolved": false, "type": "image", "id": 38, "thumbnail": "level_38.jpg"}, {"resources": "level_39.jpg", "javab": "2KjZiNmBINqp2YjYsQ==", "resolved": false, "type": "image", "id": 39, "thumbnail": "level_39.jpg"}, {"resources": "level_40.jpg", "javab": "2KrZhdin2LMg2KfYsi/Yr9iz2Kog2LHZgdiq2Yc=", "resolved": false, "type": "image", "id": 40, "thumbnail": "level_40.jpg"}, {"resources": "level_41.jpg", "javab": "2KjYp9iy2KjbjNmG24w=", "resolved": false, "type": "image", "id": 41, "thumbnail": "level_41.jpg"}, {"resources": "level_42.jpg", "javab": "2YXYsNin2qnYsdin2Kov2YfYs9iq2Ycg2KfbjA==", "resolved": false, "type": "image", "id": 42, "thumbnail": "level_42.jpg"}, {"resources": "level_43.jpg", "javab": "2KjYsdin2K/Ysdin2YY=", "resolved": false, "type": "image", "id": 43, "thumbnail": "level_43.jpg"}, {"resources": "level_44.jpg", "javab": "2KjYp9mE2Lnaqdiz", "resolved": false, "type": "image", "id": 44, "thumbnail": "level_44.jpg"}, {"resources": "level_45.jpg", "javab": "2KjYp9mF2KjZiNmE", "resolved": false, "type": "image", "id": 45, "thumbnail": "level_45.jpg"}, {"resources": "level_46.jpg", "javab": "2YXZhtin2LPYqNiq", "resolved": false, "type": "image", "id": 46, "thumbnail": "level_46.jpg"}, {"resources": "level_47.jpg", "javab": "2KrYtNiu24zYtSDZh9mI24zYqg==", "resolved": false, "type": "image", "id": 47, "thumbnail": "level_47.jpg"}, {"resources": "level_48.jpg", "javab": "2KLZhdm+2LEvINqG2LPYqNin2YbYr9mG", "resolved": false, "type": "image", "id": 48, "thumbnail": "level_48.jpg"}, {"resources": "level_49.jpg", "javab": "2LHZiNiz24zZhw==", "resolved": false, "type": "image", "id": 49, "thumbnail": "level_49.jpg"}, {"resources": "level_50.jpg", "javab": "2K7YqNix2obbjNmG", "resolved": false, "type": "image", "id": 50, "thumbnail": "level_50.jpg"}, {"resources": "level_51.jpg", "javab": "2K/YsdivINqp2LTbjNiv", "resolved": false, "type": "image", "id": 51, "thumbnail": "level_51.jpg"}, {"resources": "level_52.jpg", "javab": "2obZhyDahtuM2LLbjA==", "resolved": false, "type": "image", "id": 52, "thumbnail": "level_52.jpg"}, {"resources": "level_53.jpg", "javab": "2KzbjNix2YHYqg==", "resolved": false, "type": "image", "id": 53, "thumbnail": "level_53.jpg"}, {"resources": "level_54.jpg", "javab": "2K/ZiNix2KfZhiDYs9ix2qnYtNuM", "resolved": false, "type": "image", "id": 54, "thumbnail": "level_54.jpg"}, {"resources": "level_55.jpg", "javab": "2KjYp9ixINix2YjYp9mG24w=", "resolved": false, "type": "image", "id": 55, "thumbnail": "level_55.jpg"}, {"resources": "level_56.jpg", "javab": "2qnYsdmFINqp2YbYrNiv24w=", "resolved": false, "type": "image", "id": 56, "thumbnail": "level_56.jpg"}, {"resources": "level_57.jpg", "javab": "2KjbjNmF2YjYsdiv", "resolved": false, "type": "image", "id": 57, "thumbnail": "level_57.jpg"}, {"resources": "level_58.jpg", "javab": "2KfYsiDYr9iz2KrZhS/Yr9ixINix2YHYqg==", "resolved": false, "type": "image", "id": 58, "thumbnail": "level_58.jpg"}, {"resources": "level_59.jpg", "javab": "2KzYp9mF2Ycg2LnZhdmEL9m+2YjYtNin2YbYr9mG", "resolved": false, "type": "image", "id": 59, "thumbnail": "level_59.jpg"}, {"resources": "level_60.jpg", "javab": "2qnYp9ixINiv2LPYqtmF2KfZhi/Yr9in2K/bjA==", "resolved": false, "type": "image", "id": 60, "thumbnail": "level_60.jpg"}, {"resources": "level_61.jpg", "javab": "2KfYsiDZh9mF2Ycg2KzYpyAv2KjbjCDYrtio2LE=", "resolved": false, "type": "image", "id": 61, "thumbnail": "level_61.jpg"}, {"resources": "level_62.jpg", "javab": "2YXYs9iq2LHYp9it", "resolved": false, "type": "image", "id": 62, "thumbnail": "level_62.jpg"}, {"resources": "level_63.jpg", "javab": "2YLYsdmI2YYg2YjYs9i324w=", "resolved": false, "type": "image", "id": 63, "thumbnail": "level_63.jpg"}]}